[{"model": "accounts.user", "pk": 1, "fields": {"password": "pbkdf2_sha256$1200000$zfyUNcyxQhIP25sKi5HcF7$mRkVIL5OXqPE9ePZom/0QDJBUEjC6gQP9HpTXDGJ3/M=", "last_login": null, "is_superuser": true, "username": "admin", "first_name": "", "last_name": "", "email": "admin@xschool.com", "is_staff": true, "is_active": true, "date_joined": "2026-04-07T01:14:00.626Z", "role": "admin", "avatar": "", "failed_login_attempts": 0, "last_failed_login": "2026-04-10T05:48:16.413Z", "is_locked": false, "groups": [], "user_permissions": []}}, {"model": "accounts.user", "pk": 2, "fields": {"password": "pbkdf2_sha256$1200000$Ki9swPbXnkkZv0Yg75dZuv$xFchGp2Uckd2hQasHXEGtgRRS4n/pc8Wq0fhvXVHt94=", "last_login": null, "is_superuser": false, "username": "claire", "first_name": "Claire", "last_name": "", "email": "claire@xschool.com", "is_staff": false, "is_active": true, "date_joined": "2026-04-07T01:14:01.369Z", "role": "comptable", "avatar": "", "failed_login_attempts": 0, "last_failed_login": null, "is_locked": false, "groups": [], "user_permissions": []}}, {"model": "accounts.user", "pk": 3, "fields": {"password": "pbkdf2_sha256$1200000$z4VdEOUDUvsmIkxFmzOPRf$VVd/COz9jlxwfVsc/+MblhWQ2j64tFjowWC4pq+z2eo=", "last_login": null, "is_superuser": false, "username": "laurent", "first_name": "Laurent", "last_name": "", "email": "laurent@xschool.com", "is_staff": false, "is_active": true, "date_joined": "2026-04-07T01:14:02.099Z", "role": "professeur", "avatar": "", "failed_login_attempts": 0, "last_failed_login": null, "is_locked": false, "groups": [], "user_permissions": []}}, {"model": "accounts.user", "pk": 5, "fields": {"password": "pbkdf2_sha256$1200000$pn7tHmwU6vLzu9DOM6Uz8d$Q5Osrsvp+gHvfRZ57sJph1tz4CT+izCFJEPItneihOc=", "last_login": null, "is_superuser": false, "username": "testuser456", "first_name": "Test", "last_name": "User", "email": "test456@example.com", "is_staff": false, "is_active": true, "date_joined": "2026-04-10T01:51:28.300Z", "role": "professeur", "avatar": "", "failed_login_attempts": 0, "last_failed_login": null, "is_locked": false, "groups": [], "user_permissions": []}}, {"model": "school.schoolyear", "pk": 1, "fields": {"year": "2024-2025", "is_active": true}}, {"model": "school.class", "pk": 43, "fields": {"name": "6ème", "level": "6ème", "category": "general", "tuition_template": 36, "is_exam": false, "max_size": 50, "school_year": 1}}, {"model": "school.class", "pk": 44, "fields": {"name": "5ème", "level": "5ème", "category": "general", "tuition_template": 37, "is_exam": false, "max_size": 50, "school_year": 1}}, {"model": "school.class", "pk": 45, "fields": {"name": "4ème", "level": "4ème", "category": "general", "tuition_template": 38, "is_exam": false, "max_size": 50, "school_year": 1}}, {"model": "school.class", "pk": 46, "fields": {"name": "3ème", "level": "3ème", "category": "general", "tuition_template": 39, "is_exam": true, "max_size": 50, "school_year": 1}}, {"model": "school.class", "pk": 47, "fields": {"name": "2nde A", "level": "2nde A", "category": "general", "tuition_template": 40, "is_exam": false, "max_size": 50, "school_year": 1}}, {"model": "school.class", "pk": 48, "fields": {"name": "2nde C", "level": "2nde C", "category": "general", "tuition_template": 41, "is_exam": false, "max_size": 50, "school_year": 1}}, {"model": "school.class", "pk": 49, "fields": {"name": "1ère A", "level": "1ère A", "category": "general", "tuition_template": 42, "is_exam": true, "max_size": 50, "school_year": 1}}, {"model": "school.class", "pk": 50, "fields": {"name": "1ère C", "level": "1ère C", "category": "general", "tuition_template": 43, "is_exam": true, "max_size": 50, "school_year": 1}}, {"model": "school.class", "pk": 51, "fields": {"name": "1ère D", "level": "1ère D", "category": "general", "tuition_template": 44, "is_exam": true, "max_size": 50, "school_year": 1}}, {"model": "school.class", "pk": 52, "fields": {"name": "Tle A", "level": "Tle A", "category": "general", "tuition_template": 45, "is_exam": true, "max_size": 50, "school_year": 1}}, {"model": "school.class", "pk": 53, "fields": {"name": "Tle C", "level": "Tle C", "category": "general", "tuition_template": 46, "is_exam": true, "max_size": 50, "school_year": 1}}, {"model": "school.class", "pk": 54, "fields": {"name": "Tle D", "level": "Tle D", "category": "general", "tuition_template": 47, "is_exam": true, "max_size": 50, "school_year": 1}}, {"model": "school.class", "pk": 55, "fields": {"name": "1ère Année", "level": "1ère Année", "category": "technique", "tuition_template": 48, "is_exam": false, "max_size": 50, "school_year": 1}}, {"model": "school.class", "pk": 56, "fields": {"name": "2ème Année", "level": "2ème Année", "category": "technique", "tuition_template": 49, "is_exam": false, "max_size": 50, "school_year": 1}}, {"model": "school.class", "pk": 57, "fields": {"name": "3ème Année", "level": "3ème Année", "category": "technique", "tuition_template": 50, "is_exam": false, "max_size": 50, "school_year": 1}}, {"model": "school.class", "pk": 58, "fields": {"name": "4ème Année", "level": "4ème Année", "category": "technique", "tuition_template": 51, "is_exam": true, "max_size": 50, "school_year": 1}}, {"model": "school.class", "pk": 59, "fields": {"name": "2nde", "level": "2nde", "category": "technique", "tuition_template": 52, "is_exam": false, "max_size": 50, "school_year": 1}}, {"model": "school.class", "pk": 60, "fields": {"name": "1ère", "level": "1ère", "category": "technique", "tuition_template": 53, "is_exam": true, "max_size": 50, "school_year": 1}}, {"model": "school.class", "pk": 61, "fields": {"name": "Tle", "level": "Tle", "category": "technique", "tuition_template": 54, "is_exam": true, "max_size": 50, "school_year": 1}}, {"model": "school.student", "pk": 2, "fields": {"first_name": "ERIC WILFRIED", "last_name": "TCHOUPE TAKAM", "matricule": "ELV-001", "date_of_birth": "2006-02-01", "place_of_birth": "Douala", "gender": "M", "address": "Douala, pk16", "parent_name": "Goumgang Jeanine", "parent_phone": "658945032", "parent_email": null, "enrollment_date": "2026-04-10", "status": "active", "is_repeating": false, "school_class": 46}}, {"model": "school.schoolconfiguration", "pk": 1, "fields": {"name": "XSCHOOL", "email": "contact@xschool.cm", "phone": "+237 699 00 11 22", "address": "Bastos, Yaoundé, Cameroun", "website": "https://vanda-studio.tech", "slogan": "EXCELLENCE & DISCIPLINE", "logo": "", "enable_email_alerts": true, "enable_sms_alerts": false, "payment_reminder_days": 3, "low_grade_threshold": "10.00", "currency_symbol": "FCFA", "currency_code": "XAF", "tranche_1_deadline": "2024-10-15", "tranche_2_deadline": "2024-12-15", "tranche_3_deadline": "2025-02-15", "exam_fee_amount": "10000.00", "enable_cash_payment": true, "enable_mobile_payment": true, "enable_bank_transfer": false, "bank_details": null, "receipt_footer": null, "session_timeout": 30, "min_password_length": 8, "max_login_attempts": 5, "require_strong_password": true, "maintenance_mode": false, "two_factor_enforcement": false}}, {"model": "finance.tuitiontemplate", "pk": 36, "fields": {"name": "6ème", "category": "general", "registration_fee": "30000.00", "tranche_1": "20000.00", "tranche_2": "15000.00", "tranche_3": "5000.00", "material_fee": "0.00"}}, {"model": "finance.tuitiontemplate", "pk": 37, "fields": {"name": "5ème", "category": "general", "registration_fee": "30000.00", "tranche_1": "20000.00", "tranche_2": "15000.00", "tranche_3": "5000.00", "material_fee": "0.00"}}, {"model": "finance.tuitiontemplate", "pk": 38, "fields": {"name": "4ème", "category": "general", "registration_fee": "30000.00", "tranche_1": "25000.00", "tranche_2": "15000.00", "tranche_3": "5000.00", "material_fee": "0.00"}}, {"model": "finance.tuitiontemplate", "pk": 39, "fields": {"name": "3ème", "category": "general", "registration_fee": "30000.00", "tranche_1": "35000.00", "tranche_2": "10000.00", "tranche_3": "0.00", "material_fee": "0.00"}}, {"model": "finance.tuitiontemplate", "pk": 40, "fields": {"name": "2nde A", "category": "general", "registration_fee": "35000.00", "tranche_1": "30000.00", "tranche_2": "15000.00", "tranche_3": "5000.00", "material_fee": "0.00"}}, {"model": "finance.tuitiontemplate", "pk": 41, "fields": {"name": "2nde C", "category": "general", "registration_fee": "35000.00", "tranche_1": "30000.00", "tranche_2": "15000.00", "tranche_3": "5000.00", "material_fee": "0.00"}}, {"model": "finance.tuitiontemplate", "pk": 42, "fields": {"name": "1ère A", "category": "general", "registration_fee": "35000.00", "tranche_1": "40000.00", "tranche_2": "15000.00", "tranche_3": "0.00", "material_fee": "0.00"}}, {"model": "finance.tuitiontemplate", "pk": 43, "fields": {"name": "1ère C", "category": "general", "registration_fee": "35000.00", "tranche_1": "40000.00", "tranche_2": "15000.00", "tranche_3": "0.00", "material_fee": "0.00"}}, {"model": "finance.tuitiontemplate", "pk": 44, "fields": {"name": "1ère D", "category": "general", "registration_fee": "35000.00", "tranche_1": "40000.00", "tranche_2": "15000.00", "tranche_3": "0.00", "material_fee": "0.00"}}, {"model": "finance.tuitiontemplate", "pk": 45, "fields": {"name": "Tle A", "category": "general", "registration_fee": "35000.00", "tranche_1": "40000.00", "tranche_2": "25000.00", "tranche_3": "0.00", "material_fee": "0.00"}}, {"model": "finance.tuitiontemplate", "pk": 46, "fields": {"name": "Tle C", "category": "general", "registration_fee": "35000.00", "tranche_1": "40000.00", "tranche_2": "25000.00", "tranche_3": "0.00", "material_fee": "0.00"}}, {"model": "finance.tuitiontemplate", "pk": 47, "fields": {"name": "Tle D", "category": "general", "registration_fee": "35000.00", "tranche_1": "40000.00", "tranche_2": "25000.00", "tranche_3": "0.00", "material_fee": "0.00"}}, {"model": "finance.tuitiontemplate", "pk": 48, "fields": {"name": "1ère Année", "category": "technique", "registration_fee": "35000.00", "tranche_1": "40000.00", "tranche_2": "20000.00", "tranche_3": "10000.00", "material_fee": "10000.00"}}, {"model": "finance.tuitiontemplate", "pk": 49, "fields": {"name": "2ème Année", "category": "technique", "registration_fee": "35000.00", "tranche_1": "40000.00", "tranche_2": "20000.00", "tranche_3": "10000.00", "material_fee": "10000.00"}}, {"model": "finance.tuitiontemplate", "pk": 50, "fields": {"name": "3ème Année", "category": "technique", "registration_fee": "35000.00", "tranche_1": "40000.00", "tranche_2": "25000.00", "tranche_3": "10000.00", "material_fee": "10000.00"}}, {"model": "finance.tuitiontemplate", "pk": 51, "fields": {"name": "4ème Année", "category": "technique", "registration_fee": "40000.00", "tranche_1": "45000.00", "tranche_2": "25000.00", "tranche_3": "0.00", "material_fee": "10000.00"}}, {"model": "finance.tuitiontemplate", "pk": 52, "fields": {"name": "2nde", "category": "technique", "registration_fee": "40000.00", "tranche_1": "45000.00", "tranche_2": "25000.00", "tranche_3": "15000.00", "material_fee": "10000.00"}}, {"model": "finance.tuitiontemplate", "pk": 53, "fields": {"name": "1ère", "category": "technique", "registration_fee": "40000.00", "tranche_1": "60000.00", "tranche_2": "30000.00", "tranche_3": "0.00", "material_fee": "10000.00"}}, {"model": "finance.tuitiontemplate", "pk": 54, "fields": {"name": "Tle", "category": "technique", "registration_fee": "40000.00", "tranche_1": "60000.00", "tranche_2": "30000.00", "tranche_3": "0.00", "material_fee": "10000.00"}}, {"model": "finance.trancheconfig", "pk": 162, "fields": {"school_class": 43, "name": "Inscription", "amount": "30000.00", "due_date": "2026-04-10"}}, {"model": "finance.trancheconfig", "pk": 163, "fields": {"school_class": 43, "name": "Tranche 1", "amount": "20000.00", "due_date": "2024-10-15"}}, {"model": "finance.trancheconfig", "pk": 164, "fields": {"school_class": 43, "name": "Tranche 2", "amount": "15000.00", "due_date": "2024-12-15"}}, {"model": "finance.trancheconfig", "pk": 165, "fields": {"school_class": 43, "name": "Tranche 3", "amount": "5000.00", "due_date": "2025-02-15"}}, {"model": "finance.trancheconfig", "pk": 166, "fields": {"school_class": 44, "name": "Inscription", "amount": "30000.00", "due_date": "2026-04-10"}}, {"model": "finance.trancheconfig", "pk": 167, "fields": {"school_class": 44, "name": "Tranche 1", "amount": "20000.00", "due_date": "2024-10-15"}}, {"model": "finance.trancheconfig", "pk": 168, "fields": {"school_class": 44, "name": "Tranche 2", "amount": "15000.00", "due_date": "2024-12-15"}}, {"model": "finance.trancheconfig", "pk": 169, "fields": {"school_class": 44, "name": "Tranche 3", "amount": "5000.00", "due_date": "2025-02-15"}}, {"model": "finance.trancheconfig", "pk": 170, "fields": {"school_class": 45, "name": "Inscription", "amount": "30000.00", "due_date": "2026-04-10"}}, {"model": "finance.trancheconfig", "pk": 171, "fields": {"school_class": 45, "name": "Tranche 1", "amount": "25000.00", "due_date": "2024-10-15"}}, {"model": "finance.trancheconfig", "pk": 172, "fields": {"school_class": 45, "name": "Tranche 2", "amount": "15000.00", "due_date": "2024-12-15"}}, {"model": "finance.trancheconfig", "pk": 173, "fields": {"school_class": 45, "name": "Tranche 3", "amount": "5000.00", "due_date": "2025-02-15"}}, {"model": "finance.trancheconfig", "pk": 174, "fields": {"school_class": 46, "name": "Inscription", "amount": "30000.00", "due_date": "2026-04-10"}}, {"model": "finance.trancheconfig", "pk": 175, "fields": {"school_class": 46, "name": "Tranche 1", "amount": "35000.00", "due_date": "2024-10-15"}}, {"model": "finance.trancheconfig", "pk": 176, "fields": {"school_class": 46, "name": "Tranche 2", "amount": "10000.00", "due_date": "2024-12-15"}}, {"model": "finance.trancheconfig", "pk": 177, "fields": {"school_class": 47, "name": "Inscription", "amount": "35000.00", "due_date": "2026-04-10"}}, {"model": "finance.trancheconfig", "pk": 178, "fields": {"school_class": 47, "name": "Tranche 1", "amount": "30000.00", "due_date": "2024-10-15"}}, {"model": "finance.trancheconfig", "pk": 179, "fields": {"school_class": 47, "name": "Tranche 2", "amount": "15000.00", "due_date": "2024-12-15"}}, {"model": "finance.trancheconfig", "pk": 180, "fields": {"school_class": 47, "name": "Tranche 3", "amount": "5000.00", "due_date": "2025-02-15"}}, {"model": "finance.trancheconfig", "pk": 181, "fields": {"school_class": 48, "name": "Inscription", "amount": "35000.00", "due_date": "2026-04-10"}}, {"model": "finance.trancheconfig", "pk": 182, "fields": {"school_class": 48, "name": "Tranche 1", "amount": "30000.00", "due_date": "2024-10-15"}}, {"model": "finance.trancheconfig", "pk": 183, "fields": {"school_class": 48, "name": "Tranche 2", "amount": "15000.00", "due_date": "2024-12-15"}}, {"model": "finance.trancheconfig", "pk": 184, "fields": {"school_class": 48, "name": "Tranche 3", "amount": "5000.00", "due_date": "2025-02-15"}}, {"model": "finance.trancheconfig", "pk": 185, "fields": {"school_class": 49, "name": "Inscription", "amount": "35000.00", "due_date": "2026-04-10"}}, {"model": "finance.trancheconfig", "pk": 186, "fields": {"school_class": 49, "name": "Tranche 1", "amount": "40000.00", "due_date": "2024-10-15"}}, {"model": "finance.trancheconfig", "pk": 187, "fields": {"school_class": 49, "name": "Tranche 2", "amount": "15000.00", "due_date": "2024-12-15"}}, {"model": "finance.trancheconfig", "pk": 188, "fields": {"school_class": 50, "name": "Inscription", "amount": "35000.00", "due_date": "2026-04-10"}}, {"model": "finance.trancheconfig", "pk": 189, "fields": {"school_class": 50, "name": "Tranche 1", "amount": "40000.00", "due_date": "2024-10-15"}}, {"model": "finance.trancheconfig", "pk": 190, "fields": {"school_class": 50, "name": "Tranche 2", "amount": "15000.00", "due_date": "2024-12-15"}}, {"model": "finance.trancheconfig", "pk": 191, "fields": {"school_class": 51, "name": "Inscription", "amount": "35000.00", "due_date": "2026-04-10"}}, {"model": "finance.trancheconfig", "pk": 192, "fields": {"school_class": 51, "name": "Tranche 1", "amount": "40000.00", "due_date": "2024-10-15"}}, {"model": "finance.trancheconfig", "pk": 193, "fields": {"school_class": 51, "name": "Tranche 2", "amount": "15000.00", "due_date": "2024-12-15"}}, {"model": "finance.trancheconfig", "pk": 194, "fields": {"school_class": 52, "name": "Inscription", "amount": "35000.00", "due_date": "2026-04-10"}}, {"model": "finance.trancheconfig", "pk": 195, "fields": {"school_class": 52, "name": "Tranche 1", "amount": "40000.00", "due_date": "2024-10-15"}}, {"model": "finance.trancheconfig", "pk": 196, "fields": {"school_class": 52, "name": "Tranche 2", "amount": "25000.00", "due_date": "2024-12-15"}}, {"model": "finance.trancheconfig", "pk": 197, "fields": {"school_class": 53, "name": "Inscription", "amount": "35000.00", "due_date": "2026-04-10"}}, {"model": "finance.trancheconfig", "pk": 198, "fields": {"school_class": 53, "name": "Tranche 1", "amount": "40000.00", "due_date": "2024-10-15"}}, {"model": "finance.trancheconfig", "pk": 199, "fields": {"school_class": 53, "name": "Tranche 2", "amount": "25000.00", "due_date": "2024-12-15"}}, {"model": "finance.trancheconfig", "pk": 200, "fields": {"school_class": 54, "name": "Inscription", "amount": "35000.00", "due_date": "2026-04-10"}}, {"model": "finance.trancheconfig", "pk": 201, "fields": {"school_class": 54, "name": "Tranche 1", "amount": "40000.00", "due_date": "2024-10-15"}}, {"model": "finance.trancheconfig", "pk": 202, "fields": {"school_class": 54, "name": "Tranche 2", "amount": "25000.00", "due_date": "2024-12-15"}}, {"model": "finance.trancheconfig", "pk": 203, "fields": {"school_class": 55, "name": "Inscription", "amount": "35000.00", "due_date": "2026-04-10"}}, {"model": "finance.trancheconfig", "pk": 204, "fields": {"school_class": 55, "name": "Tranche 1", "amount": "40000.00", "due_date": "2024-10-15"}}, {"model": "finance.trancheconfig", "pk": 205, "fields": {"school_class": 55, "name": "Tranche 2", "amount": "20000.00", "due_date": "2024-12-15"}}, {"model": "finance.trancheconfig", "pk": 206, "fields": {"school_class": 55, "name": "Tranche 3", "amount": "10000.00", "due_date": "2025-02-15"}}, {"model": "finance.trancheconfig", "pk": 207, "fields": {"school_class": 55, "name": "Matière d'œuvre", "amount": "10000.00", "due_date": "2026-04-10"}}, {"model": "finance.trancheconfig", "pk": 208, "fields": {"school_class": 56, "name": "Inscription", "amount": "35000.00", "due_date": "2026-04-10"}}, {"model": "finance.trancheconfig", "pk": 209, "fields": {"school_class": 56, "name": "Tranche 1", "amount": "40000.00", "due_date": "2024-10-15"}}, {"model": "finance.trancheconfig", "pk": 210, "fields": {"school_class": 56, "name": "Tranche 2", "amount": "20000.00", "due_date": "2024-12-15"}}, {"model": "finance.trancheconfig", "pk": 211, "fields": {"school_class": 56, "name": "Tranche 3", "amount": "10000.00", "due_date": "2025-02-15"}}, {"model": "finance.trancheconfig", "pk": 212, "fields": {"school_class": 56, "name": "Matière d'œuvre", "amount": "10000.00", "due_date": "2026-04-10"}}, {"model": "finance.trancheconfig", "pk": 213, "fields": {"school_class": 57, "name": "Inscription", "amount": "35000.00", "due_date": "2026-04-10"}}, {"model": "finance.trancheconfig", "pk": 214, "fields": {"school_class": 57, "name": "Tranche 1", "amount": "40000.00", "due_date": "2024-10-15"}}, {"model": "finance.trancheconfig", "pk": 215, "fields": {"school_class": 57, "name": "Tranche 2", "amount": "25000.00", "due_date": "2024-12-15"}}, {"model": "finance.trancheconfig", "pk": 216, "fields": {"school_class": 57, "name": "Tranche 3", "amount": "10000.00", "due_date": "2025-02-15"}}, {"model": "finance.trancheconfig", "pk": 217, "fields": {"school_class": 57, "name": "Matière d'œuvre", "amount": "10000.00", "due_date": "2026-04-10"}}, {"model": "finance.trancheconfig", "pk": 218, "fields": {"school_class": 58, "name": "Inscription", "amount": "40000.00", "due_date": "2026-04-10"}}, {"model": "finance.trancheconfig", "pk": 219, "fields": {"school_class": 58, "name": "Tranche 1", "amount": "45000.00", "due_date": "2024-10-15"}}, {"model": "finance.trancheconfig", "pk": 220, "fields": {"school_class": 58, "name": "Tranche 2", "amount": "25000.00", "due_date": "2024-12-15"}}, {"model": "finance.trancheconfig", "pk": 222, "fields": {"school_class": 58, "name": "Matière d'œuvre", "amount": "10000.00", "due_date": "2026-04-10"}}, {"model": "finance.trancheconfig", "pk": 223, "fields": {"school_class": 59, "name": "Inscription", "amount": "40000.00", "due_date": "2026-04-10"}}, {"model": "finance.trancheconfig", "pk": 224, "fields": {"school_class": 59, "name": "Tranche 1", "amount": "45000.00", "due_date": "2024-10-15"}}, {"model": "finance.trancheconfig", "pk": 225, "fields": {"school_class": 59, "name": "Tranche 2", "amount": "25000.00", "due_date": "2024-12-15"}}, {"model": "finance.trancheconfig", "pk": 226, "fields": {"school_class": 59, "name": "Matière d'œuvre", "amount": "10000.00", "due_date": "2026-04-10"}}, {"model": "finance.trancheconfig", "pk": 227, "fields": {"school_class": 60, "name": "Inscription", "amount": "40000.00", "due_date": "2026-04-10"}}, {"model": "finance.trancheconfig", "pk": 228, "fields": {"school_class": 60, "name": "Tranche 1", "amount": "60000.00", "due_date": "2024-10-15"}}, {"model": "finance.trancheconfig", "pk": 229, "fields": {"school_class": 60, "name": "Tranche 2", "amount": "30000.00", "due_date": "2024-12-15"}}, {"model": "finance.trancheconfig", "pk": 230, "fields": {"school_class": 60, "name": "Matière d'œuvre", "amount": "10000.00", "due_date": "2026-04-10"}}, {"model": "finance.trancheconfig", "pk": 231, "fields": {"school_class": 61, "name": "Inscription", "amount": "40000.00", "due_date": "2026-04-10"}}, {"model": "finance.trancheconfig", "pk": 232, "fields": {"school_class": 61, "name": "Tranche 1", "amount": "60000.00", "due_date": "2024-10-15"}}, {"model": "finance.trancheconfig", "pk": 233, "fields": {"school_class": 61, "name": "Tranche 2", "amount": "30000.00", "due_date": "2024-12-15"}}, {"model": "finance.trancheconfig", "pk": 234, "fields": {"school_class": 61, "name": "Matière d'œuvre", "amount": "10000.00", "due_date": "2026-04-10"}}, {"model": "finance.trancheconfig", "pk": 235, "fields": {"school_class": 59, "name": "Tranche 3", "amount": "15000.00", "due_date": "2025-02-15"}}, {"model": "finance.payment", "pk": 4, "fields": {"student": 2, "tranche": 174, "amount_paid": "14000.00", "amount_expected": "30000.00", "date": "2026-04-10", "mode": "cash", "receipt_number": "REC-001", "recorded_by": null, "notes": "avance de l'inscription"}}, {"model": "finance.payment", "pk": 5, "fields": {"student": 2, "tranche": 174, "amount_paid": "10000.00", "amount_expected": "30000.00", "date": "2026-04-10", "mode": "cash", "receipt_number": "REC-002", "recorded_by": null, "notes": "deuxieme avance de l'inscription"}}]
